
USE [PrsDbC40]
GO

DELETE FROM [dbo].[Users]
GO

INSERT INTO [dbo].[Users]
    ([Username]
    ,[Password]
    ,[Firstname]
    ,[Lastname]
    ,[Phone]
    ,[Email]
    ,[IsReviewer]
    ,[IsAdmin])
VALUES
    ('laisha_wilkinson-franecki'
    ,'80LY4V_lpPM3AXq'
    ,'Laisha'
    ,'Wilkinson-Franecki'
    ,'6808053960'
    ,'laisha_wilkinson-franecki@example.com'
    ,1
    ,0) 
  
INSERT INTO [dbo].[Users]
    ([Username]
    ,[Password]
    ,[Firstname]
    ,[Lastname]
    ,[Phone]
    ,[Email]
    ,[IsReviewer]
    ,[IsAdmin])
VALUES
    ('nathan_barrows51'
    ,'p5EJhcWaIjot6vY'
    ,'Nathan'
    ,'Barrows'
    ,'7502816961'
    ,'nathan_barrows51@example.com'
    ,1
    ,1) 
  
INSERT INTO [dbo].[Users]
    ([Username]
    ,[Password]
    ,[Firstname]
    ,[Lastname]
    ,[Phone]
    ,[Email]
    ,[IsReviewer]
    ,[IsAdmin])
VALUES
    ('hershel_ondricka75'
    ,'hfvS6LjM0GX_jF1'
    ,'Hershel'
    ,'Ondricka'
    ,'5611018036'
    ,'hershel_ondricka75@example.com'
    ,0
    ,0) 
  
INSERT INTO [dbo].[Users]
    ([Username]
    ,[Password]
    ,[Firstname]
    ,[Lastname]
    ,[Phone]
    ,[Email]
    ,[IsReviewer]
    ,[IsAdmin])
VALUES
    ('gianni_kertzmann'
    ,'Iyo84TQmbwccmzg'
    ,'Gianni'
    ,'Kertzmann'
    ,'6204918065'
    ,'gianni_kertzmann@example.com'
    ,0
    ,1) 
  
INSERT INTO [dbo].[Users]
    ([Username]
    ,[Password]
    ,[Firstname]
    ,[Lastname]
    ,[Phone]
    ,[Email]
    ,[IsReviewer]
    ,[IsAdmin])
VALUES
    ('cory.hartmann'
    ,'JnzjxOvEICrFd98'
    ,'Cory'
    ,'Hartmann'
    ,'9968253919'
    ,'cory.hartmann@example.com'
    ,1
    ,0) 
  
INSERT INTO [dbo].[Users]
    ([Username]
    ,[Password]
    ,[Firstname]
    ,[Lastname]
    ,[Phone]
    ,[Email]
    ,[IsReviewer]
    ,[IsAdmin])
VALUES
    ('hudson.lakin16'
    ,'yd5geRCxA0iAu1G'
    ,'Hudson'
    ,'Lakin'
    ,'1512418789'
    ,'hudson.lakin16@example.com'
    ,0
    ,0) 
  
INSERT INTO [dbo].[Users]
    ([Username]
    ,[Password]
    ,[Firstname]
    ,[Lastname]
    ,[Phone]
    ,[Email]
    ,[IsReviewer]
    ,[IsAdmin])
VALUES
    ('orin.jerde36'
    ,'F9H3YTGlbIA4fF4'
    ,'Orin'
    ,'Jerde'
    ,'3089748044'
    ,'orin.jerde36@example.com'
    ,1
    ,0) 
  
INSERT INTO [dbo].[Users]
    ([Username]
    ,[Password]
    ,[Firstname]
    ,[Lastname]
    ,[Phone]
    ,[Email]
    ,[IsReviewer]
    ,[IsAdmin])
VALUES
    ('queen.bayer'
    ,'MTOUNhMOKNF0mfT'
    ,'Queen'
    ,'Bayer'
    ,'0240700785'
    ,'queen.bayer@example.com'
    ,1
    ,0) 
  
INSERT INTO [dbo].[Users]
    ([Username]
    ,[Password]
    ,[Firstname]
    ,[Lastname]
    ,[Phone]
    ,[Email]
    ,[IsReviewer]
    ,[IsAdmin])
VALUES
    ('watson_heathcote'
    ,'51ObksE2GwNWdiZ'
    ,'Watson'
    ,'Heathcote'
    ,'0712832367'
    ,'watson_heathcote@example.com'
    ,1
    ,1) 
  
INSERT INTO [dbo].[Users]
    ([Username]
    ,[Password]
    ,[Firstname]
    ,[Lastname]
    ,[Phone]
    ,[Email]
    ,[IsReviewer]
    ,[IsAdmin])
VALUES
    ('gabriella.kovacek86'
    ,'l6Pp_bviH2g00mL'
    ,'Gabriella'
    ,'Kovacek'
    ,'4269067827'
    ,'gabriella.kovacek86@example.com'
    ,1
    ,0) 
  
INSERT INTO [dbo].[Users]
    ([Username]
    ,[Password]
    ,[Firstname]
    ,[Lastname]
    ,[Phone]
    ,[Email]
    ,[IsReviewer]
    ,[IsAdmin])
VALUES
    ('clarabelle_blanda'
    ,'i1Q5DRNdmvpZwHt'
    ,'Clarabelle'
    ,'Blanda'
    ,'0610382953'
    ,'clarabelle_blanda@example.com'
    ,0
    ,1) 
  
INSERT INTO [dbo].[Users]
    ([Username]
    ,[Password]
    ,[Firstname]
    ,[Lastname]
    ,[Phone]
    ,[Email]
    ,[IsReviewer]
    ,[IsAdmin])
VALUES
    ('dixie_hauck'
    ,'MHuqcQ32zBnqKvx'
    ,'Dixie'
    ,'Hauck'
    ,'2896733047'
    ,'dixie_hauck@example.com'
    ,1
    ,1) 
  
INSERT INTO [dbo].[Users]
    ([Username]
    ,[Password]
    ,[Firstname]
    ,[Lastname]
    ,[Phone]
    ,[Email]
    ,[IsReviewer]
    ,[IsAdmin])
VALUES
    ('karlee.hoeger8'
    ,'FU6tZQ9Uck9kOdP'
    ,'Karlee'
    ,'Hoeger'
    ,'6554039444'
    ,'karlee.hoeger8@example.com'
    ,0
    ,0) 
  
INSERT INTO [dbo].[Users]
    ([Username]
    ,[Password]
    ,[Firstname]
    ,[Lastname]
    ,[Phone]
    ,[Email]
    ,[IsReviewer]
    ,[IsAdmin])
VALUES
    ('hardy_keeling'
    ,'U3LlomaFu1BhamA'
    ,'Hardy'
    ,'Keeling'
    ,'4817697303'
    ,'hardy_keeling@example.com'
    ,0
    ,0) 
  
INSERT INTO [dbo].[Users]
    ([Username]
    ,[Password]
    ,[Firstname]
    ,[Lastname]
    ,[Phone]
    ,[Email]
    ,[IsReviewer]
    ,[IsAdmin])
VALUES
    ('deontae.rice39'
    ,'YnCRnMBYAiJ7AEb'
    ,'Deontae'
    ,'Rice'
    ,'6440509633'
    ,'deontae.rice39@example.com'
    ,1
    ,1) 
  
INSERT INTO [dbo].[Users]
    ([Username]
    ,[Password]
    ,[Firstname]
    ,[Lastname]
    ,[Phone]
    ,[Email]
    ,[IsReviewer]
    ,[IsAdmin])
VALUES
    ('ruth.veum'
    ,'T8AuIcWa9ZF904E'
    ,'Ruth'
    ,'Veum'
    ,'6044485983'
    ,'ruth.veum@example.com'
    ,1
    ,1) 
  
INSERT INTO [dbo].[Users]
    ([Username]
    ,[Password]
    ,[Firstname]
    ,[Lastname]
    ,[Phone]
    ,[Email]
    ,[IsReviewer]
    ,[IsAdmin])
VALUES
    ('magdalena_schneider'
    ,'CYs7pf_N1zflNtp'
    ,'Magdalena'
    ,'Schneider'
    ,'6540298772'
    ,'magdalena_schneider@example.com'
    ,1
    ,1) 
  
INSERT INTO [dbo].[Users]
    ([Username]
    ,[Password]
    ,[Firstname]
    ,[Lastname]
    ,[Phone]
    ,[Email]
    ,[IsReviewer]
    ,[IsAdmin])
VALUES
    ('eileen_hermann'
    ,'h311mIMffrGuJD3'
    ,'Eileen'
    ,'Hermann'
    ,'6203857333'
    ,'eileen_hermann@example.com'
    ,1
    ,0) 
  
INSERT INTO [dbo].[Users]
    ([Username]
    ,[Password]
    ,[Firstname]
    ,[Lastname]
    ,[Phone]
    ,[Email]
    ,[IsReviewer]
    ,[IsAdmin])
VALUES
    ('andreane.franey'
    ,'J00XcTGoHso3JLz'
    ,'Andreane'
    ,'Franey'
    ,'7061393607'
    ,'andreane.franey@example.com'
    ,0
    ,0) 
  
INSERT INTO [dbo].[Users]
    ([Username]
    ,[Password]
    ,[Firstname]
    ,[Lastname]
    ,[Phone]
    ,[Email]
    ,[IsReviewer]
    ,[IsAdmin])
VALUES
    ('herman.anderson'
    ,'an7kvp4UnUjlsux'
    ,'Herman'
    ,'Anderson'
    ,'9034373764'
    ,'herman.anderson@example.com'
    ,0
    ,1) 
  
INSERT INTO [dbo].[Users]
    ([Username]
    ,[Password]
    ,[Firstname]
    ,[Lastname]
    ,[Phone]
    ,[Email]
    ,[IsReviewer]
    ,[IsAdmin])
VALUES
    ('lupe.anderson'
    ,'lh1894M6fdrw5eG'
    ,'Lupe'
    ,'Anderson'
    ,'0868935037'
    ,'lupe.anderson@example.com'
    ,1
    ,0) 
  
INSERT INTO [dbo].[Users]
    ([Username]
    ,[Password]
    ,[Firstname]
    ,[Lastname]
    ,[Phone]
    ,[Email]
    ,[IsReviewer]
    ,[IsAdmin])
VALUES
    ('jacques_bradtke89'
    ,'H3c7k3DCVi966N5'
    ,'Jacques'
    ,'Bradtke'
    ,'2935822179'
    ,'jacques_bradtke89@example.com'
    ,1
    ,0) 
  
INSERT INTO [dbo].[Users]
    ([Username]
    ,[Password]
    ,[Firstname]
    ,[Lastname]
    ,[Phone]
    ,[Email]
    ,[IsReviewer]
    ,[IsAdmin])
VALUES
    ('ezra_oconnell'
    ,'jPYWrTGqvgPbzxQ'
    ,'Ezra'
    ,'O''Connell'
    ,'0518168495'
    ,'ezra_oconnell@example.com'
    ,1
    ,1) 
  
INSERT INTO [dbo].[Users]
    ([Username]
    ,[Password]
    ,[Firstname]
    ,[Lastname]
    ,[Phone]
    ,[Email]
    ,[IsReviewer]
    ,[IsAdmin])
VALUES
    ('clay.hessel23'
    ,'oHget_ljhk9g8o0'
    ,'Clay'
    ,'Hessel'
    ,'8464667001'
    ,'clay.hessel23@example.com'
    ,1
    ,1) 
  
INSERT INTO [dbo].[Users]
    ([Username]
    ,[Password]
    ,[Firstname]
    ,[Lastname]
    ,[Phone]
    ,[Email]
    ,[IsReviewer]
    ,[IsAdmin])
VALUES
    ('tess.franecki13'
    ,'1iDWrZckzGRZtSB'
    ,'Tess'
    ,'Franecki'
    ,'3473718260'
    ,'tess.franecki13@example.com'
    ,0
    ,0) 
  
INSERT INTO [dbo].[Users]
    ([Username]
    ,[Password]
    ,[Firstname]
    ,[Lastname]
    ,[Phone]
    ,[Email]
    ,[IsReviewer]
    ,[IsAdmin])
VALUES
    ('murray.larkin24'
    ,'wAE2jvTu417vv6F'
    ,'Murray'
    ,'Larkin'
    ,'1624640440'
    ,'murray.larkin24@example.com'
    ,0
    ,0) 
  
INSERT INTO [dbo].[Users]
    ([Username]
    ,[Password]
    ,[Firstname]
    ,[Lastname]
    ,[Phone]
    ,[Email]
    ,[IsReviewer]
    ,[IsAdmin])
VALUES
    ('jayde.fahey41'
    ,'9HS4Y7gVdmsf_Yk'
    ,'Jayde'
    ,'Fahey'
    ,'6767231576'
    ,'jayde.fahey41@example.com'
    ,1
    ,0) 
  
INSERT INTO [dbo].[Users]
    ([Username]
    ,[Password]
    ,[Firstname]
    ,[Lastname]
    ,[Phone]
    ,[Email]
    ,[IsReviewer]
    ,[IsAdmin])
VALUES
    ('pearline.will'
    ,'mjEIYYlLoxYiZc5'
    ,'Pearline'
    ,'Will'
    ,'3197492235'
    ,'pearline.will@example.com'
    ,1
    ,0) 
  
INSERT INTO [dbo].[Users]
    ([Username]
    ,[Password]
    ,[Firstname]
    ,[Lastname]
    ,[Phone]
    ,[Email]
    ,[IsReviewer]
    ,[IsAdmin])
VALUES
    ('jasen_wisozk'
    ,'EbYNWzQiTfLxxux'
    ,'Jasen'
    ,'Wisozk'
    ,'0596520041'
    ,'jasen_wisozk@example.com'
    ,0
    ,0) 
  
INSERT INTO [dbo].[Users]
    ([Username]
    ,[Password]
    ,[Firstname]
    ,[Lastname]
    ,[Phone]
    ,[Email]
    ,[IsReviewer]
    ,[IsAdmin])
VALUES
    ('terence.cassin58'
    ,'UkGeEWqdmczybNj'
    ,'Terence'
    ,'Cassin'
    ,'4876244314'
    ,'terence.cassin58@example.com'
    ,1
    ,1) 
  
INSERT INTO [dbo].[Users]
    ([Username]
    ,[Password]
    ,[Firstname]
    ,[Lastname]
    ,[Phone]
    ,[Email]
    ,[IsReviewer]
    ,[IsAdmin])
VALUES
    ('janessa_spinka'
    ,'7KLmUSmWkmIVcyO'
    ,'Janessa'
    ,'Spinka'
    ,'0858856917'
    ,'janessa_spinka@example.com'
    ,1
    ,0) 
  
INSERT INTO [dbo].[Users]
    ([Username]
    ,[Password]
    ,[Firstname]
    ,[Lastname]
    ,[Phone]
    ,[Email]
    ,[IsReviewer]
    ,[IsAdmin])
VALUES
    ('erick_abbott'
    ,'MFQZKaAgBbwnNj7'
    ,'Erick'
    ,'Abbott'
    ,'0816716478'
    ,'erick_abbott@example.com'
    ,0
    ,1) 
  
INSERT INTO [dbo].[Users]
    ([Username]
    ,[Password]
    ,[Firstname]
    ,[Lastname]
    ,[Phone]
    ,[Email]
    ,[IsReviewer]
    ,[IsAdmin])
VALUES
    ('stefanie_nolan75'
    ,'rzIwD2StQf1BaRJ'
    ,'Stefanie'
    ,'Nolan'
    ,'2698363452'
    ,'stefanie_nolan75@example.com'
    ,0
    ,1) 
  
INSERT INTO [dbo].[Users]
    ([Username]
    ,[Password]
    ,[Firstname]
    ,[Lastname]
    ,[Phone]
    ,[Email]
    ,[IsReviewer]
    ,[IsAdmin])
VALUES
    ('mylene.moore'
    ,'vwKD_e6E53CoSyR'
    ,'Mylene'
    ,'Moore'
    ,'1746988922'
    ,'mylene.moore@example.com'
    ,1
    ,1) 
  
INSERT INTO [dbo].[Users]
    ([Username]
    ,[Password]
    ,[Firstname]
    ,[Lastname]
    ,[Phone]
    ,[Email]
    ,[IsReviewer]
    ,[IsAdmin])
VALUES
    ('velva_powlowski'
    ,'ZAeLaEMS1rzr2ab'
    ,'Velva'
    ,'Powlowski'
    ,'1777830692'
    ,'velva_powlowski@example.com'
    ,0
    ,0) 
  
INSERT INTO [dbo].[Users]
    ([Username]
    ,[Password]
    ,[Firstname]
    ,[Lastname]
    ,[Phone]
    ,[Email]
    ,[IsReviewer]
    ,[IsAdmin])
VALUES
    ('israel_schulist48'
    ,'tLk3Z6AS4JeY9tS'
    ,'Israel'
    ,'Schulist'
    ,'1520228304'
    ,'israel_schulist48@example.com'
    ,0
    ,0) 
  
INSERT INTO [dbo].[Users]
    ([Username]
    ,[Password]
    ,[Firstname]
    ,[Lastname]
    ,[Phone]
    ,[Email]
    ,[IsReviewer]
    ,[IsAdmin])
VALUES
    ('elza.cartwright'
    ,'KVxElJcVLTBool8'
    ,'Elza'
    ,'Cartwright'
    ,'9353776614'
    ,'elza.cartwright@example.com'
    ,1
    ,1) 
  
INSERT INTO [dbo].[Users]
    ([Username]
    ,[Password]
    ,[Firstname]
    ,[Lastname]
    ,[Phone]
    ,[Email]
    ,[IsReviewer]
    ,[IsAdmin])
VALUES
    ('addison.haley99'
    ,'F2UHqAB61Gc39y6'
    ,'Addison'
    ,'Haley'
    ,'6988877923'
    ,'addison.haley99@example.com'
    ,0
    ,0) 
  
INSERT INTO [dbo].[Users]
    ([Username]
    ,[Password]
    ,[Firstname]
    ,[Lastname]
    ,[Phone]
    ,[Email]
    ,[IsReviewer]
    ,[IsAdmin])
VALUES
    ('alan_gutkowski39'
    ,'gFApnEOuQyRsyWh'
    ,'Alan'
    ,'Gutkowski'
    ,'1602487526'
    ,'alan_gutkowski39@example.com'
    ,1
    ,0) 
  
INSERT INTO [dbo].[Users]
    ([Username]
    ,[Password]
    ,[Firstname]
    ,[Lastname]
    ,[Phone]
    ,[Email]
    ,[IsReviewer]
    ,[IsAdmin])
VALUES
    ('jena.bosco'
    ,'LN9e8kv9u0RYlcD'
    ,'Jena'
    ,'Bosco'
    ,'3008525102'
    ,'jena.bosco@example.com'
    ,1
    ,1) 
  
INSERT INTO [dbo].[Users]
    ([Username]
    ,[Password]
    ,[Firstname]
    ,[Lastname]
    ,[Phone]
    ,[Email]
    ,[IsReviewer]
    ,[IsAdmin])
VALUES
    ('jalen.abernathy94'
    ,'cYjnC_3nxStxAgw'
    ,'Jalen'
    ,'Abernathy'
    ,'5931251454'
    ,'jalen.abernathy94@example.com'
    ,0
    ,0) 
  
INSERT INTO [dbo].[Users]
    ([Username]
    ,[Password]
    ,[Firstname]
    ,[Lastname]
    ,[Phone]
    ,[Email]
    ,[IsReviewer]
    ,[IsAdmin])
VALUES
    ('travis_schmidt'
    ,'UTQUPDRkrPIvAHF'
    ,'Travis'
    ,'Schmidt'
    ,'2118961132'
    ,'travis_schmidt@example.com'
    ,1
    ,1) 
  
INSERT INTO [dbo].[Users]
    ([Username]
    ,[Password]
    ,[Firstname]
    ,[Lastname]
    ,[Phone]
    ,[Email]
    ,[IsReviewer]
    ,[IsAdmin])
VALUES
    ('isobel.jacobson'
    ,'i05ulUrDGlCMDEf'
    ,'Isobel'
    ,'Jacobson'
    ,'7999203239'
    ,'isobel.jacobson@example.com'
    ,1
    ,0) 
  
INSERT INTO [dbo].[Users]
    ([Username]
    ,[Password]
    ,[Firstname]
    ,[Lastname]
    ,[Phone]
    ,[Email]
    ,[IsReviewer]
    ,[IsAdmin])
VALUES
    ('jaylin_gottlieb23'
    ,'6xDY9oVLzJPR8N6'
    ,'Jaylin'
    ,'Gottlieb'
    ,'6569231933'
    ,'jaylin_gottlieb23@example.com'
    ,0
    ,0) 
  
INSERT INTO [dbo].[Users]
    ([Username]
    ,[Password]
    ,[Firstname]
    ,[Lastname]
    ,[Phone]
    ,[Email]
    ,[IsReviewer]
    ,[IsAdmin])
VALUES
    ('julia.littel36'
    ,'Yh5O2vJkoicZMx5'
    ,'Julia'
    ,'Littel'
    ,'7436859549'
    ,'julia.littel36@example.com'
    ,0
    ,1) 
  
INSERT INTO [dbo].[Users]
    ([Username]
    ,[Password]
    ,[Firstname]
    ,[Lastname]
    ,[Phone]
    ,[Email]
    ,[IsReviewer]
    ,[IsAdmin])
VALUES
    ('savanah_terry'
    ,'sQRFFhuUD5ZXLXp'
    ,'Savanah'
    ,'Terry'
    ,'9724029313'
    ,'savanah_terry@example.com'
    ,0
    ,1) 
  
INSERT INTO [dbo].[Users]
    ([Username]
    ,[Password]
    ,[Firstname]
    ,[Lastname]
    ,[Phone]
    ,[Email]
    ,[IsReviewer]
    ,[IsAdmin])
VALUES
    ('justyn_schroeder'
    ,'72pjxqTenNCr60U'
    ,'Justyn'
    ,'Schroeder'
    ,'1521393089'
    ,'justyn_schroeder@example.com'
    ,0
    ,0) 
  
INSERT INTO [dbo].[Users]
    ([Username]
    ,[Password]
    ,[Firstname]
    ,[Lastname]
    ,[Phone]
    ,[Email]
    ,[IsReviewer]
    ,[IsAdmin])
VALUES
    ('laila.hintz74'
    ,'VtbNYUnlmkagBes'
    ,'Laila'
    ,'Hintz'
    ,'7733392452'
    ,'laila.hintz74@example.com'
    ,1
    ,1) 
  
INSERT INTO [dbo].[Users]
    ([Username]
    ,[Password]
    ,[Firstname]
    ,[Lastname]
    ,[Phone]
    ,[Email]
    ,[IsReviewer]
    ,[IsAdmin])
VALUES
    ('jarod.jenkins'
    ,'LnxuKApWtDpafho'
    ,'Jarod'
    ,'Jenkins'
    ,'3890879930'
    ,'jarod.jenkins@example.com'
    ,1
    ,1) 
  
INSERT INTO [dbo].[Users]
    ([Username]
    ,[Password]
    ,[Firstname]
    ,[Lastname]
    ,[Phone]
    ,[Email]
    ,[IsReviewer]
    ,[IsAdmin])
VALUES
    ('lorenza_feest'
    ,'wrewgbaSkSnHhak'
    ,'Lorenza'
    ,'Feest'
    ,'3822323118'
    ,'lorenza_feest@example.com'
    ,1
    ,1) 
  
GO

DELETE FROM [dbo].[Vendors]
GO

SET IDENTITY_INSERT [dbo].[Vendors] ON
GO

    INSERT INTO [dbo].[Vendors]
              ([id]
              ,[Code]
              ,[Name]
              ,[Address]
              ,[City]
              ,[State]
              ,[Zip]
              ,[Phone]
              ,[Email])
        VALUES
              (
          '1', 
          'VEUM-BA',
          'Veum - Bayer',
          '96866 Union Avenue',
          'Fort Vinnieside',
          'KY',
          '10070',
          '1443326938',
          'support@VEUM-BA.com'
          )
  
  
    INSERT INTO [dbo].[Vendors]
              ([id]
              ,[Code]
              ,[Name]
              ,[Address]
              ,[City]
              ,[State]
              ,[Zip]
              ,[Phone]
              ,[Email])
        VALUES
              (
          '2', 
          'BEAT-TY',
          'Beatty and Sons',
          '603 Von Squares',
          'North Patriciafurt',
          'RI',
          '48457',
          '2646841635',
          'support@BEAT-TY.com'
          )
  
  
    INSERT INTO [dbo].[Vendors]
              ([id]
              ,[Code]
              ,[Name]
              ,[Address]
              ,[City]
              ,[State]
              ,[Zip]
              ,[Phone]
              ,[Email])
        VALUES
              (
          '3', 
          'MANT-EG',
          'Mante - Gibson',
          '9935 W Front Street',
          'North Mariatown',
          'LA',
          '77643',
          '8852153677',
          'support@MANT-EG.com'
          )
  
  
    INSERT INTO [dbo].[Vendors]
              ([id]
              ,[Code]
              ,[Name]
              ,[Address]
              ,[City]
              ,[State]
              ,[Zip]
              ,[Phone]
              ,[Email])
        VALUES
              (
          '4', 
          'LEDN-ER',
          'Ledner, Kreiger and Kulas',
          '102 Lincoln Street',
          'Riverview',
          'SD',
          '33804',
          '0057829051',
          'support@LEDN-ER.com'
          )
  
  
    INSERT INTO [dbo].[Vendors]
              ([id]
              ,[Code]
              ,[Name]
              ,[Address]
              ,[City]
              ,[State]
              ,[Zip]
              ,[Phone]
              ,[Email])
        VALUES
              (
          '5', 
          'KUHN-KU',
          'Kuhn, Kunze and Grant',
          '618 The Crescent',
          'Port Granvillemouth',
          'KS',
          '34281',
          '9329754010',
          'support@KUHN-KU.com'
          )
  
  
    INSERT INTO [dbo].[Vendors]
              ([id]
              ,[Code]
              ,[Name]
              ,[Address]
              ,[City]
              ,[State]
              ,[Zip]
              ,[Phone]
              ,[Email])
        VALUES
              (
          '6', 
          'CRON-IN',
          'Cronin - Rutherford',
          '630 Walker Crossing',
          'Kirstinstad',
          'ME',
          '58212',
          '6528792530',
          'support@CRON-IN.com'
          )
  
  
    INSERT INTO [dbo].[Vendors]
              ([id]
              ,[Code]
              ,[Name]
              ,[Address]
              ,[City]
              ,[State]
              ,[Zip]
              ,[Phone]
              ,[Email])
        VALUES
              (
          '7', 
          'VONM-AR',
          'Von, Marquardt and Streich',
          '90830 Central Street',
          'New Lelandbury',
          'OH',
          '02908',
          '5523632874',
          'support@VONM-AR.com'
          )
  
  
    INSERT INTO [dbo].[Vendors]
              ([id]
              ,[Code]
              ,[Name]
              ,[Address]
              ,[City]
              ,[State]
              ,[Zip]
              ,[Phone]
              ,[Email])
        VALUES
              (
          '8', 
          'MCDE-RM',
          'McDermott, Hilpert and Legros',
          '1518 Pearlie Fort',
          'Elizabeth',
          'ME',
          '48588',
          '5339954981',
          'support@MCDE-RM.com'
          )
  
  
    INSERT INTO [dbo].[Vendors]
              ([id]
              ,[Code]
              ,[Name]
              ,[Address]
              ,[City]
              ,[State]
              ,[Zip]
              ,[Phone]
              ,[Email])
        VALUES
              (
          '9', 
          'HARB-ER',
          'Harber - Boyer',
          '44183 Mabelle Walks',
          'Hesselburgh',
          'IN',
          '93211',
          '2132869742',
          'support@HARB-ER.com'
          )
  
  
    INSERT INTO [dbo].[Vendors]
              ([id]
              ,[Code]
              ,[Name]
              ,[Address]
              ,[City]
              ,[State]
              ,[Zip]
              ,[Phone]
              ,[Email])
        VALUES
              (
          '10', 
          'HICK-LE',
          'Hickle - McDermott',
          '138 Kemmer Junctions',
          'Waukesha',
          'MD',
          '64165',
          '2132524544',
          'support@HICK-LE.com'
          )
  
  
    INSERT INTO [dbo].[Vendors]
              ([id]
              ,[Code]
              ,[Name]
              ,[Address]
              ,[City]
              ,[State]
              ,[Zip]
              ,[Phone]
              ,[Email])
        VALUES
              (
          '11', 
          'LYNC-HG',
          'Lynch Group',
          '7178 Airport Road',
          'Lake Jeramie',
          'ND',
          '58317',
          '6422375431',
          'support@LYNC-HG.com'
          )
  
  
    INSERT INTO [dbo].[Vendors]
              ([id]
              ,[Code]
              ,[Name]
              ,[Address]
              ,[City]
              ,[State]
              ,[Zip]
              ,[Phone]
              ,[Email])
        VALUES
              (
          '12', 
          'CART-ER',
          'Carter, Ebert and Corwin',
          '758 Krajcik Junctions',
          'West Evelynberg',
          'MD',
          '78144',
          '1188347691',
          'support@CART-ER.com'
          )
  
  
    INSERT INTO [dbo].[Vendors]
              ([id]
              ,[Code]
              ,[Name]
              ,[Address]
              ,[City]
              ,[State]
              ,[Zip]
              ,[Phone]
              ,[Email])
        VALUES
              (
          '13', 
          'GLOV-ER',
          'Glover - Leuschke',
          '74351 Lilliana Pass',
          'Nestorville',
          'SC',
          '71940',
          '8379158553',
          'support@GLOV-ER.com'
          )
  
  
    INSERT INTO [dbo].[Vendors]
              ([id]
              ,[Code]
              ,[Name]
              ,[Address]
              ,[City]
              ,[State]
              ,[Zip]
              ,[Phone]
              ,[Email])
        VALUES
              (
          '14', 
          'HERZ-OG',
          'Herzog - Fahey',
          '6428 Rachel Shoal',
          'Brakushaven',
          'KY',
          '29689',
          '0052690373',
          'support@HERZ-OG.com'
          )
  
  
    INSERT INTO [dbo].[Vendors]
              ([id]
              ,[Code]
              ,[Name]
              ,[Address]
              ,[City]
              ,[State]
              ,[Zip]
              ,[Phone]
              ,[Email])
        VALUES
              (
          '15', 
          'WUCK-ER',
          'Wuckert - Buckridge',
          '517 Trinity Stream',
          'North Lawrence',
          'GA',
          '69899',
          '2067825715',
          'support@WUCK-ER.com'
          )
  
  
    INSERT INTO [dbo].[Vendors]
              ([id]
              ,[Code]
              ,[Name]
              ,[Address]
              ,[City]
              ,[State]
              ,[Zip]
              ,[Phone]
              ,[Email])
        VALUES
              (
          '16', 
          'KUHN-BE',
          'Kuhn - Bergstrom',
          '38709 Upton Terrace',
          'Leannonfield',
          'ID',
          '32360',
          '4753152838',
          'support@KUHN-BE.com'
          )
  
  
    INSERT INTO [dbo].[Vendors]
              ([id]
              ,[Code]
              ,[Name]
              ,[Address]
              ,[City]
              ,[State]
              ,[Zip]
              ,[Phone]
              ,[Email])
        VALUES
              (
          '17', 
          'CONN-HE',
          'Conn - Hegmann',
          '17414 Emmanuelle Shoals',
          'Schillerside',
          'MI',
          '30424',
          '9845700107',
          'support@CONN-HE.com'
          )
  
  
    INSERT INTO [dbo].[Vendors]
              ([id]
              ,[Code]
              ,[Name]
              ,[Address]
              ,[City]
              ,[State]
              ,[Zip]
              ,[Phone]
              ,[Email])
        VALUES
              (
          '18', 
          'GRAD-YN',
          'Grady, Nader and Ankunding',
          '631 Mary Street',
          'Wymanstead',
          'MS',
          '15019',
          '2498564107',
          'support@GRAD-YN.com'
          )
  
  
    INSERT INTO [dbo].[Vendors]
              ([id]
              ,[Code]
              ,[Name]
              ,[Address]
              ,[City]
              ,[State]
              ,[Zip]
              ,[Phone]
              ,[Email])
        VALUES
              (
          '19', 
          'KSHL-ER',
          'Kshlerin - Pagac',
          '10244 Gianni Knolls',
          'Monicaboro',
          'PA',
          '38955',
          '9515289005',
          'support@KSHL-ER.com'
          )
  
  
    INSERT INTO [dbo].[Vendors]
              ([id]
              ,[Code]
              ,[Name]
              ,[Address]
              ,[City]
              ,[State]
              ,[Zip]
              ,[Phone]
              ,[Email])
        VALUES
              (
          '20', 
          'REIN-GE',
          'Reinger - Cronin',
          '19348 Kristoffer Pine',
          'Fort Enricocester',
          'VA',
          '04999',
          '5214246039',
          'support@REIN-GE.com'
          )
  
  
    INSERT INTO [dbo].[Vendors]
              ([id]
              ,[Code]
              ,[Name]
              ,[Address]
              ,[City]
              ,[State]
              ,[Zip]
              ,[Phone]
              ,[Email])
        VALUES
              (
          '21', 
          'KUTC-HL',
          'Kutch LLC',
          '52067 Annabell Trace',
          'Wylie',
          'IL',
          '57984',
          '1800201811',
          'support@KUTC-HL.com'
          )
  
  
    INSERT INTO [dbo].[Vendors]
              ([id]
              ,[Code]
              ,[Name]
              ,[Address]
              ,[City]
              ,[State]
              ,[Zip]
              ,[Phone]
              ,[Email])
        VALUES
              (
          '22', 
          'LEGR-OS',
          'Legros and Sons',
          '52885 Percival Route',
          'Rio Rancho',
          'GA',
          '89398',
          '9246331633',
          'support@LEGR-OS.com'
          )
  
  
    INSERT INTO [dbo].[Vendors]
              ([id]
              ,[Code]
              ,[Name]
              ,[Address]
              ,[City]
              ,[State]
              ,[Zip]
              ,[Phone]
              ,[Email])
        VALUES
              (
          '23', 
          'WHIT-EM',
          'White, Maggio and Marks',
          '763 Marshall Station',
          'Blancaton',
          'AR',
          '06637',
          '5198673286',
          'support@WHIT-EM.com'
          )
  
  
    INSERT INTO [dbo].[Vendors]
              ([id]
              ,[Code]
              ,[Name]
              ,[Address]
              ,[City]
              ,[State]
              ,[Zip]
              ,[Phone]
              ,[Email])
        VALUES
              (
          '24', 
          'WATE-RS',
          'Waters LLC',
          '9026 Aspen Close',
          'Edgartown',
          'VA',
          '68366',
          '8865233520',
          'support@WATE-RS.com'
          )
  
  
    INSERT INTO [dbo].[Vendors]
              ([id]
              ,[Code]
              ,[Name]
              ,[Address]
              ,[City]
              ,[State]
              ,[Zip]
              ,[Phone]
              ,[Email])
        VALUES
              (
          '25', 
          'SIMO-NI',
          'Simonis - Herzog',
          '4386 Heller Island',
          'Euclid',
          'TX',
          '03861',
          '6063889894',
          'support@SIMO-NI.com'
          )
  
  
    INSERT INTO [dbo].[Vendors]
              ([id]
              ,[Code]
              ,[Name]
              ,[Address]
              ,[City]
              ,[State]
              ,[Zip]
              ,[Phone]
              ,[Email])
        VALUES
              (
          '26', 
          'CORK-ER',
          'Corkery Group',
          '190 Dell Lodge',
          'Thompsonmouth',
          'MN',
          '71927',
          '7138710102',
          'support@CORK-ER.com'
          )
  
  
    INSERT INTO [dbo].[Vendors]
              ([id]
              ,[Code]
              ,[Name]
              ,[Address]
              ,[City]
              ,[State]
              ,[Zip]
              ,[Phone]
              ,[Email])
        VALUES
              (
          '27', 
          'LEMK-EK',
          'Lemke, Kulas and Daniel',
          '8080 Brown Knoll',
          'East Stephany',
          'IA',
          '55622',
          '8261325136',
          'support@LEMK-EK.com'
          )
  
  
    INSERT INTO [dbo].[Vendors]
              ([id]
              ,[Code]
              ,[Name]
              ,[Address]
              ,[City]
              ,[State]
              ,[Zip]
              ,[Phone]
              ,[Email])
        VALUES
              (
          '28', 
          'KERT-ZM',
          'Kertzmann - Kovacek',
          '4915 Grant Cliff',
          'Conroe',
          'WY',
          '18396',
          '8633071649',
          'support@KERT-ZM.com'
          )
  
  
    INSERT INTO [dbo].[Vendors]
              ([id]
              ,[Code]
              ,[Name]
              ,[Address]
              ,[City]
              ,[State]
              ,[Zip]
              ,[Phone]
              ,[Email])
        VALUES
              (
          '29', 
          'JOHN-SO',
          'Johnson and Sons',
          '849 Oxford Street',
          'New Guadalupe',
          'RI',
          '67830',
          '1769150839',
          'support@JOHN-SO.com'
          )
  
  
    INSERT INTO [dbo].[Vendors]
              ([id]
              ,[Code]
              ,[Name]
              ,[Address]
              ,[City]
              ,[State]
              ,[Zip]
              ,[Phone]
              ,[Email])
        VALUES
              (
          '30', 
          'WELC-HM',
          'Welch - Mann',
          '5236 N Locust Street',
          'East Sarai',
          'VT',
          '31871',
          '0771214795',
          'support@WELC-HM.com'
          )
  
  
    INSERT INTO [dbo].[Vendors]
              ([id]
              ,[Code]
              ,[Name]
              ,[Address]
              ,[City]
              ,[State]
              ,[Zip]
              ,[Phone]
              ,[Email])
        VALUES
              (
          '31', 
          'GUTK-OW',
          'Gutkowski - Mosciski',
          '42391 Gleason Orchard',
          'Leschfield',
          'AL',
          '80130',
          '6432323687',
          'support@GUTK-OW.com'
          )
  
  
    INSERT INTO [dbo].[Vendors]
              ([id]
              ,[Code]
              ,[Name]
              ,[Address]
              ,[City]
              ,[State]
              ,[Zip]
              ,[Phone]
              ,[Email])
        VALUES
              (
          '32', 
          'GOTT-LI',
          'Gottlieb - Turner',
          '843 Madonna Coves',
          'Fort Winstonview',
          'RI',
          '12320',
          '0346915690',
          'support@GOTT-LI.com'
          )
  
  
    INSERT INTO [dbo].[Vendors]
              ([id]
              ,[Code]
              ,[Name]
              ,[Address]
              ,[City]
              ,[State]
              ,[Zip]
              ,[Phone]
              ,[Email])
        VALUES
              (
          '33', 
          'ALTE-NW',
          'Altenwerth, Dibbert and Sauer',
          '79303 Princess Street',
          'Langworthshire',
          'CO',
          '60672',
          '2542696573',
          'support@ALTE-NW.com'
          )
  
  
    INSERT INTO [dbo].[Vendors]
              ([id]
              ,[Code]
              ,[Name]
              ,[Address]
              ,[City]
              ,[State]
              ,[Zip]
              ,[Phone]
              ,[Email])
        VALUES
              (
          '34', 
          'STAR-KR',
          'Stark - Renner',
          '49996 Guiseppe Shores',
          'East Keyon',
          'MN',
          '67056',
          '7545242008',
          'support@STAR-KR.com'
          )
  
  
    INSERT INTO [dbo].[Vendors]
              ([id]
              ,[Code]
              ,[Name]
              ,[Address]
              ,[City]
              ,[State]
              ,[Zip]
              ,[Phone]
              ,[Email])
        VALUES
              (
          '35', 
          'HETT-IN',
          'Hettinger and Sons',
          '665 Washington Street',
          'Norfolk',
          'SD',
          '53075',
          '0492291553',
          'support@HETT-IN.com'
          )
  
  
    INSERT INTO [dbo].[Vendors]
              ([id]
              ,[Code]
              ,[Name]
              ,[Address]
              ,[City]
              ,[State]
              ,[Zip]
              ,[Phone]
              ,[Email])
        VALUES
              (
          '36', 
          'ONDR-IC',
          'Ondricka Group',
          '6242 S 3rd Street',
          'West Giovanny',
          'MS',
          '15808',
          '5665396331',
          'support@ONDR-IC.com'
          )
  
  
    INSERT INTO [dbo].[Vendors]
              ([id]
              ,[Code]
              ,[Name]
              ,[Address]
              ,[City]
              ,[State]
              ,[Zip]
              ,[Phone]
              ,[Email])
        VALUES
              (
          '37', 
          'KUHL-MA',
          'Kuhlman, Wyman and Kohler',
          '174 West End',
          'South Jarod',
          'WV',
          '23984',
          '1861197377',
          'support@KUHL-MA.com'
          )
  
  
    INSERT INTO [dbo].[Vendors]
              ([id]
              ,[Code]
              ,[Name]
              ,[Address]
              ,[City]
              ,[State]
              ,[Zip]
              ,[Phone]
              ,[Email])
        VALUES
              (
          '38', 
          'LITT-EL',
          'Littel, Turner and Hickle',
          '161 Baumbach Courts',
          'Abernathyland',
          'FL',
          '55149',
          '9369648005',
          'support@LITT-EL.com'
          )
  
  
    INSERT INTO [dbo].[Vendors]
              ([id]
              ,[Code]
              ,[Name]
              ,[Address]
              ,[City]
              ,[State]
              ,[Zip]
              ,[Phone]
              ,[Email])
        VALUES
              (
          '39', 
          'MILL-SY',
          'Mills - Yost',
          '569 Western Avenue',
          'Hettieton',
          'ME',
          '46014',
          '8201519113',
          'support@MILL-SY.com'
          )
  
  
    INSERT INTO [dbo].[Vendors]
              ([id]
              ,[Code]
              ,[Name]
              ,[Address]
              ,[City]
              ,[State]
              ,[Zip]
              ,[Phone]
              ,[Email])
        VALUES
              (
          '40', 
          'SCHU-LI',
          'Schulist - Bauch',
          '8138 Ezra Freeway',
          'Fort Mikel',
          'MI',
          '96685',
          '3568528068',
          'support@SCHU-LI.com'
          )
  
  
    INSERT INTO [dbo].[Vendors]
              ([id]
              ,[Code]
              ,[Name]
              ,[Address]
              ,[City]
              ,[State]
              ,[Zip]
              ,[Phone]
              ,[Email])
        VALUES
              (
          '41', 
          'AUER-AN',
          'Auer and Sons',
          '124 Kenna Forge',
          'Barbaraville',
          'SD',
          '79135',
          '1922320164',
          'support@AUER-AN.com'
          )
  
  
    INSERT INTO [dbo].[Vendors]
              ([id]
              ,[Code]
              ,[Name]
              ,[Address]
              ,[City]
              ,[State]
              ,[Zip]
              ,[Phone]
              ,[Email])
        VALUES
              (
          '42', 
          'HAMM-ES',
          'Hammes, Hodkiewicz and Crist',
          '359 Windsor Drive',
          'Port Aric',
          'NH',
          '91158',
          '5829485441',
          'support@HAMM-ES.com'
          )
  
  
    INSERT INTO [dbo].[Vendors]
              ([id]
              ,[Code]
              ,[Name]
              ,[Address]
              ,[City]
              ,[State]
              ,[Zip]
              ,[Phone]
              ,[Email])
        VALUES
              (
          '43', 
          'HAYE-SC',
          'Hayes, Cummings and Heidenrei',
          '980 Ernest Dam',
          'Arvada',
          'NY',
          '06360',
          '7187731185',
          'support@HAYE-SC.com'
          )
  
  
    INSERT INTO [dbo].[Vendors]
              ([id]
              ,[Code]
              ,[Name]
              ,[Address]
              ,[City]
              ,[State]
              ,[Zip]
              ,[Phone]
              ,[Email])
        VALUES
              (
          '44', 
          'COLE-OL',
          'Cole, Olson and Fritsch',
          '73785 Sawayn Island',
          'Vancouver',
          'IN',
          '73953',
          '1122818122',
          'support@COLE-OL.com'
          )
  
  
    INSERT INTO [dbo].[Vendors]
              ([id]
              ,[Code]
              ,[Name]
              ,[Address]
              ,[City]
              ,[State]
              ,[Zip]
              ,[Phone]
              ,[Email])
        VALUES
              (
          '45', 
          'EMME-RI',
          'Emmerich - O''Hara',
          '72223 Imani Highway',
          'Kshlerinfort',
          'IN',
          '91537',
          '5731303254',
          'support@EMME-RI.com'
          )
  
  
    INSERT INTO [dbo].[Vendors]
              ([id]
              ,[Code]
              ,[Name]
              ,[Address]
              ,[City]
              ,[State]
              ,[Zip]
              ,[Phone]
              ,[Email])
        VALUES
              (
          '46', 
          'ORTI-ZZ',
          'Ortiz - Zboncak',
          '86950 Lynch Plaza',
          'Benedictcester',
          'NY',
          '43470',
          '7776265005',
          'support@ORTI-ZZ.com'
          )
  
  
    INSERT INTO [dbo].[Vendors]
              ([id]
              ,[Code]
              ,[Name]
              ,[Address]
              ,[City]
              ,[State]
              ,[Zip]
              ,[Phone]
              ,[Email])
        VALUES
              (
          '47', 
          'ADAM-SG',
          'Adams Group',
          '24552 Bergstrom Causeway',
          'West Cathrynside',
          'WV',
          '54449',
          '4401689500',
          'support@ADAM-SG.com'
          )
  
  
    INSERT INTO [dbo].[Vendors]
              ([id]
              ,[Code]
              ,[Name]
              ,[Address]
              ,[City]
              ,[State]
              ,[Zip]
              ,[Phone]
              ,[Email])
        VALUES
              (
          '48', 
          'ZIEM-AN',
          'Ziemann, Feil and Zboncak',
          '723 Brakus Haven',
          'Fort Juana',
          'VT',
          '89738',
          '3716539222',
          'support@ZIEM-AN.com'
          )
  
  
    INSERT INTO [dbo].[Vendors]
              ([id]
              ,[Code]
              ,[Name]
              ,[Address]
              ,[City]
              ,[State]
              ,[Zip]
              ,[Phone]
              ,[Email])
        VALUES
              (
          '49', 
          'SCHU-MM',
          'Schumm - Hahn',
          '83761 Waverley Road',
          'Allentown',
          'IN',
          '47041',
          '4550904901',
          'support@SCHU-MM.com'
          )
  
  
    INSERT INTO [dbo].[Vendors]
              ([id]
              ,[Code]
              ,[Name]
              ,[Address]
              ,[City]
              ,[State]
              ,[Zip]
              ,[Phone]
              ,[Email])
        VALUES
              (
          '50', 
          'KEMM-ER',
          'Kemmer, Fay and Brekke',
          '712 Schowalter Via',
          'Percyberg',
          'AR',
          '61510',
          '9560686749',
          'support@KEMM-ER.com'
          )
  
  
GO

SET IDENTITY_INSERT [dbo].[Vendors] OFF
GO

DELETE FROM [dbo].[Products]
GO

    INSERT INTO [dbo].[Products]
           ([PartNbr]
           ,[Name]
           ,[Price]
           ,[Unit]
           ,[PhotoPath]
           ,[VendorId])
     VALUES
           ('978-0-07-249487-7'
           ,'Modern Rubber Ball'
           ,'30.00'
           ,'Pair'
           , null
           ,'30')
  
    INSERT INTO [dbo].[Products]
           ([PartNbr]
           ,[Name]
           ,[Price]
           ,[Unit]
           ,[PhotoPath]
           ,[VendorId])
     VALUES
           ('978-0-02-458554-7'
           ,'Elegant Soft Salad'
           ,'55.00'
           ,'Each'
           , null
           ,'45')
  
    INSERT INTO [dbo].[Products]
           ([PartNbr]
           ,[Name]
           ,[Price]
           ,[Unit]
           ,[PhotoPath]
           ,[VendorId])
     VALUES
           ('978-0-7238-7610-6'
           ,'Modern Concrete Chips'
           ,'51.00'
           ,'Set'
           , null
           ,'45')
  
    INSERT INTO [dbo].[Products]
           ([PartNbr]
           ,[Name]
           ,[Price]
           ,[Unit]
           ,[PhotoPath]
           ,[VendorId])
     VALUES
           ('978-1-142-31001-1'
           ,'Bespoke Bronze Salad'
           ,'39.00'
           ,'Dozen'
           , null
           ,'19')
  
    INSERT INTO [dbo].[Products]
           ([PartNbr]
           ,[Name]
           ,[Price]
           ,[Unit]
           ,[PhotoPath]
           ,[VendorId])
     VALUES
           ('978-1-264-79630-4'
           ,'Luxurious Cotton Pants'
           ,'44.00'
           ,'Set'
           , null
           ,'30')
  
    INSERT INTO [dbo].[Products]
           ([PartNbr]
           ,[Name]
           ,[Price]
           ,[Unit]
           ,[PhotoPath]
           ,[VendorId])
     VALUES
           ('978-0-05-016891-2'
           ,'Licensed Frozen Bacon'
           ,'58.00'
           ,'Pack'
           , null
           ,'45')
  
    INSERT INTO [dbo].[Products]
           ([PartNbr]
           ,[Name]
           ,[Price]
           ,[Unit]
           ,[PhotoPath]
           ,[VendorId])
     VALUES
           ('978-0-307-15795-9'
           ,'Unbranded Wooden Gloves'
           ,'61.00'
           ,'Each'
           , null
           ,'14')
  
    INSERT INTO [dbo].[Products]
           ([PartNbr]
           ,[Name]
           ,[Price]
           ,[Unit]
           ,[PhotoPath]
           ,[VendorId])
     VALUES
           ('978-1-102-60385-6'
           ,'Generic Wooden Fish'
           ,'30.00'
           ,'Pack'
           , null
           ,'8')
  
    INSERT INTO [dbo].[Products]
           ([PartNbr]
           ,[Name]
           ,[Price]
           ,[Unit]
           ,[PhotoPath]
           ,[VendorId])
     VALUES
           ('978-0-502-96569-4'
           ,'Elegant Cotton Bike'
           ,'27.00'
           ,'Box'
           , null
           ,'1')
  
    INSERT INTO [dbo].[Products]
           ([PartNbr]
           ,[Name]
           ,[Price]
           ,[Unit]
           ,[PhotoPath]
           ,[VendorId])
     VALUES
           ('978-1-939708-88-5'
           ,'Generic Frozen Shoes'
           ,'69.00'
           ,'Each'
           , null
           ,'20')
  
    INSERT INTO [dbo].[Products]
           ([PartNbr]
           ,[Name]
           ,[Price]
           ,[Unit]
           ,[PhotoPath]
           ,[VendorId])
     VALUES
           ('978-1-957439-18-1'
           ,'Handmade Rubber Fish'
           ,'56.00'
           ,'Pack'
           , null
           ,'46')
  
    INSERT INTO [dbo].[Products]
           ([PartNbr]
           ,[Name]
           ,[Price]
           ,[Unit]
           ,[PhotoPath]
           ,[VendorId])
     VALUES
           ('978-0-552-03603-0'
           ,'Elegant Bronze Shirt'
           ,'62.00'
           ,'Dozen'
           , null
           ,'47')
  
    INSERT INTO [dbo].[Products]
           ([PartNbr]
           ,[Name]
           ,[Price]
           ,[Unit]
           ,[PhotoPath]
           ,[VendorId])
     VALUES
           ('978-1-278-58901-5'
           ,'Tasty Soft Chair'
           ,'36.00'
           ,'Case'
           , null
           ,'6')
  
    INSERT INTO [dbo].[Products]
           ([PartNbr]
           ,[Name]
           ,[Price]
           ,[Unit]
           ,[PhotoPath]
           ,[VendorId])
     VALUES
           ('978-0-474-71531-0'
           ,'Ergonomic Bronze Sausages'
           ,'89.00'
           ,'Pack'
           , null
           ,'19')
  
    INSERT INTO [dbo].[Products]
           ([PartNbr]
           ,[Name]
           ,[Price]
           ,[Unit]
           ,[PhotoPath]
           ,[VendorId])
     VALUES
           ('978-1-114-28168-4'
           ,'Recycled Metal Bacon'
           ,'51.00'
           ,'Pack'
           , null
           ,'6')
  
    INSERT INTO [dbo].[Products]
           ([PartNbr]
           ,[Name]
           ,[Price]
           ,[Unit]
           ,[PhotoPath]
           ,[VendorId])
     VALUES
           ('978-1-141-63305-0'
           ,'Ergonomic Bronze Bacon'
           ,'85.00'
           ,'Case'
           , null
           ,'43')
  
    INSERT INTO [dbo].[Products]
           ([PartNbr]
           ,[Name]
           ,[Price]
           ,[Unit]
           ,[PhotoPath]
           ,[VendorId])
     VALUES
           ('978-1-63286-240-2'
           ,'Awesome Bronze Salad'
           ,'100.00'
           ,'Dozen'
           , null
           ,'38')
  
    INSERT INTO [dbo].[Products]
           ([PartNbr]
           ,[Name]
           ,[Price]
           ,[Unit]
           ,[PhotoPath]
           ,[VendorId])
     VALUES
           ('978-0-8110-6480-4'
           ,'Handmade Concrete Sausages'
           ,'100.00'
           ,'Pack'
           , null
           ,'38')
  
    INSERT INTO [dbo].[Products]
           ([PartNbr]
           ,[Name]
           ,[Price]
           ,[Unit]
           ,[PhotoPath]
           ,[VendorId])
     VALUES
           ('978-1-956841-14-5'
           ,'Recycled Steel Pants'
           ,'65.00'
           ,'Case'
           , null
           ,'21')
  
    INSERT INTO [dbo].[Products]
           ([PartNbr]
           ,[Name]
           ,[Price]
           ,[Unit]
           ,[PhotoPath]
           ,[VendorId])
     VALUES
           ('978-1-56826-709-8'
           ,'Tasty Cotton Pizza'
           ,'95.00'
           ,'Box'
           , null
           ,'39')
  
    INSERT INTO [dbo].[Products]
           ([PartNbr]
           ,[Name]
           ,[Price]
           ,[Unit]
           ,[PhotoPath]
           ,[VendorId])
     VALUES
           ('978-1-3987-8681-3'
           ,'Oriental Fresh Cheese'
           ,'15.00'
           ,'Box'
           , null
           ,'29')
  
    INSERT INTO [dbo].[Products]
           ([PartNbr]
           ,[Name]
           ,[Price]
           ,[Unit]
           ,[PhotoPath]
           ,[VendorId])
     VALUES
           ('978-1-4815-5841-9'
           ,'Sleek Fresh Mouse'
           ,'28.00'
           ,'Set'
           , null
           ,'9')
  
    INSERT INTO [dbo].[Products]
           ([PartNbr]
           ,[Name]
           ,[Price]
           ,[Unit]
           ,[PhotoPath]
           ,[VendorId])
     VALUES
           ('978-1-393-05794-9'
           ,'Modern Cotton Shoes'
           ,'26.00'
           ,'Box'
           , null
           ,'35')
  
    INSERT INTO [dbo].[Products]
           ([PartNbr]
           ,[Name]
           ,[Price]
           ,[Unit]
           ,[PhotoPath]
           ,[VendorId])
     VALUES
           ('978-1-946691-99-6'
           ,'Refined Fresh Pants'
           ,'49.00'
           ,'Pair'
           , null
           ,'23')
  
    INSERT INTO [dbo].[Products]
           ([PartNbr]
           ,[Name]
           ,[Price]
           ,[Unit]
           ,[PhotoPath]
           ,[VendorId])
     VALUES
           ('978-1-85056-904-6'
           ,'Refined Concrete Pants'
           ,'67.00'
           ,'Each'
           , null
           ,'6')
  
    INSERT INTO [dbo].[Products]
           ([PartNbr]
           ,[Name]
           ,[Price]
           ,[Unit]
           ,[PhotoPath]
           ,[VendorId])
     VALUES
           ('978-0-9555626-7-9'
           ,'Fantastic Plastic Car'
           ,'45.00'
           ,'Pair'
           , null
           ,'14')
  
    INSERT INTO [dbo].[Products]
           ([PartNbr]
           ,[Name]
           ,[Price]
           ,[Unit]
           ,[PhotoPath]
           ,[VendorId])
     VALUES
           ('978-1-7288-6080-0'
           ,'Awesome Cotton Chips'
           ,'43.00'
           ,'Pair'
           , null
           ,'11')
  
    INSERT INTO [dbo].[Products]
           ([PartNbr]
           ,[Name]
           ,[Price]
           ,[Unit]
           ,[PhotoPath]
           ,[VendorId])
     VALUES
           ('978-1-85109-454-7'
           ,'Ergonomic Wooden Chair'
           ,'46.00'
           ,'Pack'
           , null
           ,'49')
  
    INSERT INTO [dbo].[Products]
           ([PartNbr]
           ,[Name]
           ,[Price]
           ,[Unit]
           ,[PhotoPath]
           ,[VendorId])
     VALUES
           ('978-0-06-101043-9'
           ,'Luxurious Rubber Tuna'
           ,'27.00'
           ,'Each'
           , null
           ,'49')
  
    INSERT INTO [dbo].[Products]
           ([PartNbr]
           ,[Name]
           ,[Price]
           ,[Unit]
           ,[PhotoPath]
           ,[VendorId])
     VALUES
           ('978-1-318-34324-9'
           ,'Practical Granite Fish'
           ,'54.00'
           ,'Dozen'
           , null
           ,'4')
  
    INSERT INTO [dbo].[Products]
           ([PartNbr]
           ,[Name]
           ,[Price]
           ,[Unit]
           ,[PhotoPath]
           ,[VendorId])
     VALUES
           ('978-1-6682-7400-2'
           ,'Elegant Rubber Car'
           ,'38.00'
           ,'Pair'
           , null
           ,'37')
  
    INSERT INTO [dbo].[Products]
           ([PartNbr]
           ,[Name]
           ,[Price]
           ,[Unit]
           ,[PhotoPath]
           ,[VendorId])
     VALUES
           ('978-1-300-80461-1'
           ,'Incredible Cotton Fish'
           ,'48.00'
           ,'Each'
           , null
           ,'35')
  
    INSERT INTO [dbo].[Products]
           ([PartNbr]
           ,[Name]
           ,[Price]
           ,[Unit]
           ,[PhotoPath]
           ,[VendorId])
     VALUES
           ('978-1-5268-8248-6'
           ,'Handmade Fresh Hat'
           ,'12.00'
           ,'Pair'
           , null
           ,'4')
  
    INSERT INTO [dbo].[Products]
           ([PartNbr]
           ,[Name]
           ,[Price]
           ,[Unit]
           ,[PhotoPath]
           ,[VendorId])
     VALUES
           ('978-1-7131-7386-1'
           ,'Incredible Plastic Chips'
           ,'94.00'
           ,'Case'
           , null
           ,'33')
  
    INSERT INTO [dbo].[Products]
           ([PartNbr]
           ,[Name]
           ,[Price]
           ,[Unit]
           ,[PhotoPath]
           ,[VendorId])
     VALUES
           ('978-1-890441-62-3'
           ,'Handmade Bronze Chair'
           ,'46.00'
           ,'Box'
           , null
           ,'29')
  
    INSERT INTO [dbo].[Products]
           ([PartNbr]
           ,[Name]
           ,[Price]
           ,[Unit]
           ,[PhotoPath]
           ,[VendorId])
     VALUES
           ('978-1-81324-277-1'
           ,'Fantastic Frozen Fish'
           ,'12.00'
           ,'Each'
           , null
           ,'2')
  
    INSERT INTO [dbo].[Products]
           ([PartNbr]
           ,[Name]
           ,[Price]
           ,[Unit]
           ,[PhotoPath]
           ,[VendorId])
     VALUES
           ('978-0-231-78625-6'
           ,'Gorgeous Frozen Chair'
           ,'20.00'
           ,'Set'
           , null
           ,'5')
  
    INSERT INTO [dbo].[Products]
           ([PartNbr]
           ,[Name]
           ,[Price]
           ,[Unit]
           ,[PhotoPath]
           ,[VendorId])
     VALUES
           ('978-1-886787-84-1'
           ,'Fantastic Fresh Ball'
           ,'33.00'
           ,'Dozen'
           , null
           ,'31')
  
    INSERT INTO [dbo].[Products]
           ([PartNbr]
           ,[Name]
           ,[Price]
           ,[Unit]
           ,[PhotoPath]
           ,[VendorId])
     VALUES
           ('978-1-993820-24-0'
           ,'Sleek Granite Pizza'
           ,'59.00'
           ,'Pair'
           , null
           ,'45')
  
    INSERT INTO [dbo].[Products]
           ([PartNbr]
           ,[Name]
           ,[Price]
           ,[Unit]
           ,[PhotoPath]
           ,[VendorId])
     VALUES
           ('978-1-387-04282-1'
           ,'Tasty Bronze Salad'
           ,'94.00'
           ,'Box'
           , null
           ,'39')
  
    INSERT INTO [dbo].[Products]
           ([PartNbr]
           ,[Name]
           ,[Price]
           ,[Unit]
           ,[PhotoPath]
           ,[VendorId])
     VALUES
           ('978-1-64113-512-2'
           ,'Modern Metal Keyboard'
           ,'15.00'
           ,'Case'
           , null
           ,'6')
  
    INSERT INTO [dbo].[Products]
           ([PartNbr]
           ,[Name]
           ,[Price]
           ,[Unit]
           ,[PhotoPath]
           ,[VendorId])
     VALUES
           ('978-0-06-514876-3'
           ,'Electronic Frozen Salad'
           ,'65.00'
           ,'Set'
           , null
           ,'28')
  
    INSERT INTO [dbo].[Products]
           ([PartNbr]
           ,[Name]
           ,[Price]
           ,[Unit]
           ,[PhotoPath]
           ,[VendorId])
     VALUES
           ('978-0-559-71865-6'
           ,'Intelligent Fresh Table'
           ,'70.00'
           ,'Case'
           , null
           ,'48')
  
    INSERT INTO [dbo].[Products]
           ([PartNbr]
           ,[Name]
           ,[Price]
           ,[Unit]
           ,[PhotoPath]
           ,[VendorId])
     VALUES
           ('978-0-15-967461-1'
           ,'Practical Soft Soap'
           ,'53.00'
           ,'Box'
           , null
           ,'31')
  
    INSERT INTO [dbo].[Products]
           ([PartNbr]
           ,[Name]
           ,[Price]
           ,[Unit]
           ,[PhotoPath]
           ,[VendorId])
     VALUES
           ('978-0-07-677022-9'
           ,'Licensed Steel Sausages'
           ,'96.00'
           ,'Pair'
           , null
           ,'21')
  
    INSERT INTO [dbo].[Products]
           ([PartNbr]
           ,[Name]
           ,[Price]
           ,[Unit]
           ,[PhotoPath]
           ,[VendorId])
     VALUES
           ('978-1-81219-752-2'
           ,'Elegant Plastic Gloves'
           ,'84.00'
           ,'Pair'
           , null
           ,'30')
  
    INSERT INTO [dbo].[Products]
           ([PartNbr]
           ,[Name]
           ,[Price]
           ,[Unit]
           ,[PhotoPath]
           ,[VendorId])
     VALUES
           ('978-1-192-87938-4'
           ,'Awesome Granite Towels'
           ,'89.00'
           ,'Box'
           , null
           ,'23')
  
    INSERT INTO [dbo].[Products]
           ([PartNbr]
           ,[Name]
           ,[Price]
           ,[Unit]
           ,[PhotoPath]
           ,[VendorId])
     VALUES
           ('978-1-188-76509-7'
           ,'Practical Rubber Gloves'
           ,'23.00'
           ,'Pack'
           , null
           ,'31')
  
    INSERT INTO [dbo].[Products]
           ([PartNbr]
           ,[Name]
           ,[Price]
           ,[Unit]
           ,[PhotoPath]
           ,[VendorId])
     VALUES
           ('978-1-714-69280-4'
           ,'Practical Metal Fish'
           ,'17.00'
           ,'Each'
           , null
           ,'36')
  
    INSERT INTO [dbo].[Products]
           ([PartNbr]
           ,[Name]
           ,[Price]
           ,[Unit]
           ,[PhotoPath]
           ,[VendorId])
     VALUES
           ('978-0-309-58260-5'
           ,'Sleek Plastic Shirt'
           ,'68.00'
           ,'Case'
           , null
           ,'36')
  
GO

GO
